{
    "loss": 0.5981720685958862,
    "accuracy": 0.9482758641242981
}