{
    "loss": 0.7752243280410767,
    "accuracy": 0.9051724076271057
}