{
    "loss": 1.8978711366653442,
    "accuracy": 0.8017241358757019
}